17572772147,b0001,边保阳,1234,WBWyXq@189.com,,1
17841821029,s0002,代汉慧,1235,rKrDr8RZ@126.com,,0
17532850004,h0003,刘杰,1236,WNbsb@qq.com,,1
13078947141,a0004,王靖,1237,28CU@189.com,,1
15163074034,b0005,裴洪飞,1238,57yV@126.com,,1
15521550219,b0006,周平,1239,EKdM20W@126.com,,1
17187336994,b0007,许汉雄,1240,fLEH@189.com,,1
18588930287,b0008,潘慧敏,1241,Uss5m73IkZ@126.com,,0
18560912960,b0009,梅振业,1242,tH6Z@163.com,,1
17636711595,b0010,康雪银,1243,f440DunvMn@126.com,,1
18546560940,b0011,姜印加,1244,2AJqZiqq8@163.com,,1
13249717993,b0012,刘佳,1245,mUYxVWMz5C@qq.com,,0
15948335851,b0013,徐陈晨,1246,xjnB1opv@126.com,,1
13252785830,b0014,刘聪,1247,e8jz5P1eV@126.com,,1
15390962709,b0015,程远,1248,o3U3UvO7e@126.com,,1
17392922377,b0016,王国起,1249,Upwc7Vi@qq.com,,1
13827882634,b0017,韩敬,1250,tcOPFlYx3@qq.com,,1
15181640326,b0018,郑明青,1251,Z22hhrM3YM@163.com,,1
18414730636,b0019,石晓娟,1252,3DvJgJ60@126.com,,0
17090347954,b0020,李晓迅,1253,4Xp1g@163.com,,1
15556670929,b0021,于显东,1254,hY1YfqRvbp@189.com,,1
15512712457,b0022,陈进周,1255,8YUW@189.com,,1
